{
  "version": "3.87.32265.0",
  "course_id": "5hQeyRstL7U",
  "title": "Grille d'auto-évaluation",
  "thumbnail": "story_content/thumbnail.jpg",
  "scenes": [
    {
      "title": "Scène sans titre"
    }
  ],
  "slides": [
    {
      "id": "6LLm6N4yADP",
      "title": "Diapositive sans titre",
      "scene_index": "1.1"
    },
    {
      "id": "6KUsp9N0GJo",
      "title": "fin",
      "scene_index": "1.2"
    },
    {
      "id": "6nKyS6iIjnf",
      "title": "Brise glace",
      "scene_index": "1.3"
    },
    {
      "id": "62a1ZZsSvxj",
      "title": "serious game",
      "scene_index": "1.4"
    },
    {
      "id": "6mAreYClIEQ",
      "title": "nuage de mots",
      "scene_index": "1.5"
    },
    {
      "id": "5gA9VQlGkNJ",
      "title": "visualisation par l'image",
      "scene_index": "1.6"
    },
    {
      "id": "6cAst3LrQZu",
      "title": "quiz interactif",
      "scene_index": "1.7"
    },
    {
      "id": "5wirdqwBP1H",
      "title": "tableau collaboratif",
      "scene_index": "1.8"
    }
  ],
  "player": {
    "name": "unified",
    "width": 740,
    "height": 635
  },
  "stage": {
    "width": 720,
    "height": 540
  }
}