{
  "version": "3.87.32265.0",
  "course_id": "6HXIRs3rLYt",
  "title": "Quête 3",
  "thumbnail": "story_content/thumbnail.jpg",
  "scenes": [
    {
      "title": "Accueil"
    },
    {
      "title": "Brise glace"
    },
    {
      "title": "Serious Games"
    },
    {
      "title": "Nuage de mots"
    },
    {
      "title": "Visualisation par l'image"
    },
    {
      "title": "Quiz interactif"
    },
    {
      "title": "Tableau collaboratif"
    }
  ],
  "slides": [
    {
      "id": "68Oj3N4plDU",
      "title": "Diapositive sans titre",
      "scene_index": "1.1"
    },
    {
      "id": "620fIQkZwOS",
      "title": "Diapositive sans titre",
      "scene_index": "2.1"
    },
    {
      "id": "5iajz8VGuOk",
      "title": "Diapositive sans titre",
      "scene_index": "3.1"
    },
    {
      "id": "6WZAMNkt9p1",
      "title": "Diapositive sans titre",
      "scene_index": "4.1"
    },
    {
      "id": "6kkin3TR02a",
      "title": "Diapositive sans titre",
      "scene_index": "5.1"
    },
    {
      "id": "6Rd1QVHnYrH",
      "title": "Diapositive sans titre",
      "scene_index": "6.1"
    },
    {
      "id": "6hp7NNwbp5f",
      "title": "Diapositive sans titre",
      "scene_index": "7.1"
    }
  ],
  "player": {
    "name": "unified",
    "width": 1940,
    "height": 1151
  },
  "stage": {
    "width": 1920,
    "height": 1080
  }
}